content,clean1,clean2,clean3,tokens,clean_english
"@DivaJaritaKiran @BEMUI_Official @Leon_Alvinda Ketika orang yang berbeda pendapat sama lo, dan lo merasa lo paling benar itu yang namanya DUNGU, OON DAN TOLOL",   ketika orang yang berbeda pendapat sama lo dan lo merasa lo paling benar itu yang namanya dungu oon dan tolol,orang berbeda pendapat lo lo lo namanya dungu oon tolol,orang beda dapat lo lo lo nama dungu oon tolol,"['orang', 'beda', 'dapat', 'lo', 'lo', 'lo', 'nama', 'dungu', 'oon', 'tolol']",Different people can you miss the stupid ocean names 
"@deditelaumbanu4 @bemui @Leon_Alvinda Mana yg katanya Cumlaude..apa yg telah kau buat utk bangsa ini??
Bikin anak??!  atau bikin gejolak selangkangan?!
Buktikan sonk seperti kampusÂ² lain yg punya PRESTASI bukan PRESTAI!!",   mana yg katanya cumlaudeapa yg telah kau buat utk bangsa inibikin anak  atau bikin gejolak selangkanganbuktikan sonk seperti kampusÂ² lain yg punya prestasi bukan prestai,yg cumlaudeapa yg kau utk bangsa inibikin anak bikin gejolak selangkanganbuktikan sonk kampusÂ² yg prestasi prestai,yg cumlaudeapa yg kau utk bangsa inibikin anak bikin gejolak selangkanganbuktikan sonk kampus yg prestasi prestai,"['yg', 'cumlaudeapa', 'yg', 'kau', 'utk', 'bangsa', 'inibikin', 'anak', 'bikin', 'gejolak', 'selangkanganbuktikan', 'sonk', 'kampus', 'yg', 'prestasi', 'prestai']","Who cumlaude what you are for this nation makes the child make a turmoil of groin, Sonk campus is a prestristic achievement "
"___ ğŸ˜›ğŸ˜›ğŸ˜›.....

Tonton ""Ade Armando Tanggapi Kritikan BEM UI kepada Presiden Jokowi Sebagai Sesuatu yang Dangkal"" di YouTube https://t.co/r6fmArgMO3", ğŸ˜›ğŸ˜›ğŸ˜›tonton ade armando tanggapi kritikan bem ui kepada presiden jokowi sebagai sesuatu yang dangkal di youtube ,ğŸ˜›ğŸ˜›ğŸ˜›tonton ade armando tanggapi kritikan bem ui presiden jokowi dangkal youtube,tonton ade armando tanggap kritik bem ui presiden jokowi dangkal youtube,"['tonton', 'ade', 'armando', 'tanggap', 'kritik', 'bem', 'ui', 'presiden', 'jokowi', 'dangkal', 'youtube']",Watch Ade Armando Response Criticism of BEM UI President Jokowi Shallow Youtube 
@tempodotco Tunggu ntar sbulan lg..apa yg akan trjadi sama BEM UI..stlh itu br kita bisa simpulkan omongan ini bner apa gk.., tunggu ntar sbulan lgapa yg akan trjadi sama bem uistlh itu br kita bisa simpulkan omongan ini bner apa gk,tunggu ntar sbulan lgapa yg trjadi bem uistlh br simpulkan omongan bner gk,tunggu ntar sbulan lgapa yg trjadi bem uistlh br simpul omong bner gk,"['tunggu', 'ntar', 'sbulan', 'lgapa', 'yg', 'trjadi', 'bem', 'uistlh', 'br', 'simpul', 'omong', 'bner', 'gk']",wait for the one who trjadi bem uistlh b no bner bner gk 
"Presiden @Jokowi menanggapi kritik Badan Eksekutif Mahasiswa Universitas Indonesia (BEM UI) yang ditujukan terhadapnya. Menurut Kepala Negara, kritik tersebut merupakan bentuk ekspresi mahasiswa yang diperbolehkan di negara demokrasi seperti Indonesia.

#jokowi #indonesiamaju https://t.co/ovSyMzZqAA",presiden  menanggapi kritik badan eksekutif mahasiswa universitas indonesia bem ui yang ditujukan terhadapnya menurut kepala negara kritik tersebut merupakan bentuk ekspresi mahasiswa yang diperbolehkan di negara demokrasi seperti indonesiajokowi indonesiamaju ,presiden menanggapi kritik badan eksekutif mahasiswa universitas indonesia bem ui kepala negara kritik bentuk ekspresi mahasiswa diperbolehkan negara demokrasi indonesiajokowi indonesiamaju,presiden tanggap kritik badan eksekutif mahasiswa universitas indonesia bem ui kepala negara kritik bentuk ekspresi mahasiswa boleh negara demokrasi indonesiajokowi indonesiamaju,"['presiden', 'tanggap', 'kritik', 'badan', 'eksekutif', 'mahasiswa', 'universitas', 'indonesia', 'bem', 'ui', 'kepala', 'negara', 'kritik', 'bentuk', 'ekspresi', 'mahasiswa', 'boleh', 'negara', 'demokrasi', 'indonesiajokowi', 'indonesiamaju']",President Regendent for Criticism of the University of Indonesia Student Executive Board BEM UI Head of State Criticism The form of a student's expression may be Indonesian Democracy in IndonesiaJokowi Indonesia 
@Stevaniehuangg Tunggu ntar sbulan lg..apa yg akan trjadi sama BEM UI..stlh itu br kita bisa simpulkan omongan ini bner apa gk.., tunggu ntar sbulan lgapa yg akan trjadi sama bem uistlh itu br kita bisa simpulkan omongan ini bner apa gk,tunggu ntar sbulan lgapa yg trjadi bem uistlh br simpulkan omongan bner gk,tunggu ntar sbulan lgapa yg trjadi bem uistlh br simpul omong bner gk,"['tunggu', 'ntar', 'sbulan', 'lgapa', 'yg', 'trjadi', 'bem', 'uistlh', 'br', 'simpul', 'omong', 'bner', 'gk']",wait for the one who trjadi bem uistlh b no bner bner gk 
@BEMUI_Official https://t.co/wC3ZPpTBd9, ,,,[],
@yoskipthat @narkosun @BEMUI_Official Hahaha bilang aka gak punya kan?? ğŸ¤£ğŸ¤£ makanya pake bukti mas bukan opini,   hahaha bilang aka gak punya kan ğŸ¤£ğŸ¤£ makanya pake bukti mas bukan opini,hahaha bilang aka gak ğŸ¤£ğŸ¤£ pake bukti mas opini,hahaha bilang aka gak pake bukti mas opini,"['hahaha', 'bilang', 'aka', 'gak', 'pake', 'bukti', 'mas', 'opini']",hahaha said it didn't use the opinion mas proof 
@Djoked2 Jika banyak yang mendukung BEM UI artinya memang harus tahu diri jika ndak di percaya lagi..., jika banyak yang mendukung bem ui artinya memang harus tahu diri jika ndak di percaya lagi,mendukung bem ui ndak percaya,dukung bem ui ndak percaya,"['dukung', 'bem', 'ui', 'ndak', 'percaya']",Support BEM UI doesn't believe 
"@geloraco Saya alumni ITB mengucapkan, â€œKetua BEM UI @BEMUI_Official memang Top Markotop!â€", saya alumni itb mengucapkan ketua bem ui  memang top markotop,alumni itb ketua bem ui top markotop,alumni itb ketua bem ui top markotop,"['alumni', 'itb', 'ketua', 'bem', 'ui', 'top', 'markotop']",ITB Alumni Chairperson of BEM UI Top Markotop 
"Presiden @jokowi mah santuy aja, lo mau bebacot apa aja silahkan, BEM UI mah zonk...!!! https://t.co/xCUoKIRxz1",presiden  mah santuy aja lo mau bebacot apa aja silahkan bem ui mah zonk ,presiden mah santuy aja lo bebacot aja silahkan bem ui mah zonk,presiden mah santuy aja lo bebacot aja silah bem ui mah zonk,"['presiden', 'mah', 'santuy', 'aja', 'lo', 'bebacot', 'aja', 'silah', 'bem', 'ui', 'mah', 'zonk']","just a santuy president, just a few bladed bem ui mah zonk "
"@rizieqdivist @BEMUI_Official Indeks Penerawangan Keamanan nope yg tinggi mampu melihat rencana peretasan, gituh! https://t.co/Z4qq2FwfBQ",  indeks penerawangan keamanan nope yg tinggi mampu melihat rencana peretasan gituh ,indeks penerawangan keamanan nope yg rencana peretasan gituh,indeks terawang aman nope yg rencana retas gituh,"['indeks', 'terawang', 'aman', 'nope', 'yg', 'rencana', 'retas', 'gituh']",Safe Nope's Terawang Index Who Plan Retas Gituh 
@DivaJaritaKiran @BEMUI_Official @Leon_Alvinda Wkwk lucu lo pilihan cuma jadi buzzer dan kadrun.. Emang kalo pilih salah satu lo masuk surga gitu wkwk.. Itu yang namanya DUNGU.. Belajar ngaji dulu beserta tajwidnya dan arti dan maknanya..,   wkwk lucu lo pilihan cuma jadi buzzer dan kadrun emang kalo pilih salah satu lo masuk surga gitu wkwk itu yang namanya dungu belajar ngaji dulu beserta tajwidnya dan arti dan maknanya,wkwk lucu lo pilihan buzzer kadrun emang kalo pilih salah lo masuk surga gitu wkwk namanya dungu belajar ngaji beserta tajwidnya arti maknanya,wkwk lucu lo pilih buzzer kadrun emang kalo pilih salah lo masuk surga gitu wkwk nama dungu ajar ngaji serta tajwid arti makna,"['wkwk', 'lucu', 'lo', 'pilih', 'buzzer', 'kadrun', 'emang', 'kalo', 'pilih', 'salah', 'lo', 'masuk', 'surga', 'gitu', 'wkwk', 'nama', 'dungu', 'ajar', 'ngaji', 'serta', 'tajwid', 'arti', 'makna']",wkwk funny lo chooses buzzer kadrun weve if you choose the wrong you go to heaven so wkwk dumb name tutoring and tajwid meaning meaning 
@muannas_alaidid JanganÂ² si novel bamukmin dulunya ketua BEM UI juga ya ğŸ˜„, janganÂ² si novel bamukmin dulunya ketua bem ui juga ya ğŸ˜„,janganÂ² si novel bamukmin dulunya ketua bem ui ya ğŸ˜„,jangan si novel bamukmin dulunya ketua bem ui ya,"['jangan', 'si', 'novel', 'bamukmin', 'dulunya', 'ketua', 'bem', 'ui', 'ya']",Do not be bamukmin novels formerly bem ui yes 
"@Dico41586616 @350Indonesia @Leon_Alvinda @BEMUI_Official Gue kagak punya rahim drun. Lbh baik rahim Firza Hussain dgn bibit HRS dijamin Allah suka dan happy.krn akan melahirkan keturunan dahsyat. Atau bisa juga bgnu, di Cisarua puncak bnyk Arab kawin kontrak, pakai rahim ncun aja gmn?
ğŸ¤£ğŸ¤£ğŸ¤£",    gue kagak punya rahim drun lbh baik rahim firza hussain dgn bibit hrs dijamin allah suka dan happykrn akan melahirkan keturunan dahsyat atau bisa juga bgnu di cisarua puncak bnyk arab kawin kontrak pakai rahim ncun aja gmnğŸ¤£ğŸ¤£ğŸ¤£,gue kagak rahim drun lbh rahim firza hussain dgn bibit hrs dijamin allah suka happykrn melahirkan keturunan dahsyat bgnu cisarua puncak bnyk arab kawin kontrak pakai rahim ncun aja gmnğŸ¤£ğŸ¤£ğŸ¤£,gue kagak rahim drun lbh rahim firza hussain dgn bibit hrs jamin allah suka happykrn lahir turun dahsyat bgnu cisarua puncak bnyk arab kawin kontrak pakai rahim ncun aja gmn,"['gue', 'kagak', 'rahim', 'drun', 'lbh', 'rahim', 'firza', 'hussain', 'dgn', 'bibit', 'hrs', 'jamin', 'allah', 'suka', 'happykrn', 'lahir', 'turun', 'dahsyat', 'bgnu', 'cisarua', 'puncak', 'bnyk', 'arab', 'kawin', 'kontrak', 'pakai', 'rahim', 'ncun', 'aja', 'gmn']",I don't want to womb and lbh Firza Husein and Seeds HRS HRS Guaranteed God Like Happykrn Born Down Dahsyat GGNU Cisarua Puncak Bnyk Arab Married Contract Using the Ncun Rahim Only Gmn 
"@republikaonline Bu mega tolong diingatkan anak2 muda @BEMUI_Official cs agar tetap semangat, fokus, akurat dan berani. Maju terus jangan lengah dengan riuhnya suara2 dukungan, terus jalin kebersamaan dan komunikasi yang layak. Hidup anak muda! Hidup mahasiswa!

Hidup mega!", bu mega tolong diingatkan  muda  cs agar tetap semangat fokus akurat dan berani maju terus jangan lengah dengan riuhnya  dukungan terus jalin kebersamaan dan komunikasi yang layak hidup anak muda hidup mahasiswahidup mega,bu mega tolong muda cs semangat fokus akurat berani maju lengah riuhnya dukungan jalin kebersamaan komunikasi layak hidup anak muda hidup mahasiswahidup mega,bu mega tolong muda cs semangat fokus akurat berani maju lengah riuh dukung jalin sama komunikasi layak hidup anak muda hidup mahasiswahidup mega,"['bu', 'mega', 'tolong', 'muda', 'cs', 'semangat', 'fokus', 'akurat', 'berani', 'maju', 'lengah', 'riuh', 'dukung', 'jalin', 'sama', 'komunikasi', 'layak', 'hidup', 'anak', 'muda', 'hidup', 'mahasiswahidup', 'mega']",Mrs. Mega Please YOU CS EMPLOYEFUL ACCURATAL FOCATIONS DARE TO MARK LOVELY SUPPORT AND COMMUNICATION OF LIFE YOUR LIVING LIVING MEGA 
"BEM UI is surprisingly primitive in presenting their materials. Exempli gratia, this Insta post. The last image in the post contains a shortlink. However would you manually type it to your address bar?

You'd think that youngsters (18â€“23) are more tech-savvy. Not always the case. https://t.co/cBrCCD7Hco",bem ui is surprisingly primitive in presenting their materials exempli gratia this insta post the last image in the post contains a shortlink however would you manually type it to your address baryoud think that youngsters â€“ are more techsavvy not always the case ,bem ui is surprisingly primitive in presenting their materials exempli gratia this insta post the last image in the post contains a shortlink however would you manually type it to your address baryoud think that youngsters â€“ are more techsavvy not always the case,bem ui is surprisingly primitive in presenting their materials exempli gratia this insta post the last image in the post contains a shortlink however would you manually type it to your address baryoud think that youngsters are more techsavvy not always the case,"['bem', 'ui', 'is', 'surprisingly', 'primitive', 'in', 'presenting', 'their', 'materials', 'exempli', 'gratia', 'this', 'insta', 'post', 'the', 'last', 'image', 'in', 'the', 'post', 'contains', 'a', 'shortlink', 'however', 'would', 'you', 'manually', 'type', 'it', 'to', 'your', 'address', 'baryoud', 'think', 'that', 'youngsters', 'are', 'more', 'techsavvy', 'not', 'always', 'the', 'case']",bem ui is surprisingly primitive in presenting their materials exempli gratia this insta post the last image in the post contains a shortlink however would you manually type it to your address baryoud think that youngsters are more techsavvy not always the case 
"BEM UI gaada istirahatnya, holy fucking shit https://t.co/sLgYs6dDi4",bem ui gaada istirahatnya holy fucking shit ,bem ui gaada istirahatnya holy fucking shit,bem ui gaada istirahat holy fucking shit,"['bem', 'ui', 'gaada', 'istirahat', 'holy', 'fucking', 'shit']",Well Ui Gated Istirahat Holy Fucking Shit 
"@BEMUI_Official Hahah, cool ğŸ‘ğŸ‘", hahah cool ğŸ‘ğŸ‘,hahah cool ğŸ‘ğŸ‘,hahah cool,"['hahah', 'cool']",hahah cool 
@UmarChelsea75 @jokowi @BEMUI_Official Biasanya kebalikannya,   biasanya kebalikannya,kebalikannya,balik,['balik'],back 
@BEMUI_Official Sarkasme ğŸ˜…, sarkasme ğŸ˜…,sarkasme ğŸ˜…,sarkasme,['sarkasme'],sarcasm 
@RezzaqM @FaroukSyahbana @BocilBebal2 @Ernie_es @kdy1296bestboy @astheticPleasu1 @riensayangku @aewin86 @antifaintl @BEMUI_Official Loh anda juga bajer ğŸ˜‚,          loh anda juga bajer ğŸ˜‚,loh bajer ğŸ˜‚,loh bajer,"['loh', 'bajer']",Loh Bajer 
"Nih Bukti bahwa BEM UI saat itu bodoh. 

Pengamat Ingatkan BEM UI Soal Mahkota di Foto Jokowi: Presiden Adalah Simbol Negara https://t.co/pfF7bp80aL",nih bukti bahwa bem ui saat itu bodoh pengamat ingatkan bem ui soal mahkota di foto jokowi presiden adalah simbol negara ,nih bukti bem ui bodoh pengamat ingatkan bem ui mahkota foto jokowi presiden simbol negara,nih bukti bem ui bodoh amat ingat bem ui mahkota foto jokowi presiden simbol negara,"['nih', 'bukti', 'bem', 'ui', 'bodoh', 'amat', 'ingat', 'bem', 'ui', 'mahkota', 'foto', 'jokowi', 'presiden', 'simbol', 'negara']",Here evidence of a stupid BEM UI remember the BEM UI crown of Jokowi's photo of the President's symbol 
"@KompasTV Klu berani mengkritik juga harus siap di kritik.
Klu berani menghina juga harus siap di hina.
Karma selalu ada kapan saja @BEMUI_Official  @amnestyindo", klu berani mengkritik juga harus siap di kritikklu berani menghina juga harus siap di hinakarma selalu ada kapan saja   ,klu berani mengkritik kritikklu berani menghina hinakarma,klu berani kritik kritikklu berani hina hinakarma,"['klu', 'berani', 'kritik', 'kritikklu', 'berani', 'hina', 'hinakarma']",brave brave critique criticism brave hinakarma 
@ridwanhr BEM UI ga ada gajahnya, bem ui ga ada gajahnya,bem ui ga gajahnya,bem ui ga gajah,"['bem', 'ui', 'ga', 'gajah']",Well Ui Gajah 
@FPKSDPRRI @MardaniAliSera BEM UI DIBAYAR KORUPTOR https://t.co/0r2W5vM5Va,  bem ui dibayar koruptor ,bem ui dibayar koruptor,bem ui bayar koruptor,"['bem', 'ui', 'bayar', 'koruptor']",BEM UI Pay Corruptors 
@aiek_esthreem @BEMUI_Official Santun mana ktika di datangi para habaib dan ulama dia malah ngabur woyy......,  santun mana ktika di datangi para habaib dan ulama dia malah ngabur woyy,santun ktika datangi habaib ulama ngabur woyy,santun ktika datang habaib ulama ngabur woyy,"['santun', 'ktika', 'datang', 'habaib', 'ulama', 'ngabur', 'woyy']",Ktika Ktika comes HABAIB ULAMAB DRIVE WYYY 
@donalfariz @Leon_Alvinda @DroneEmpritLive @ismailfahmi @BEMUI_Official itu2 juga,      juga,,,[],
Iya benerâ€¦ BEM UI ada UI-nya gada gunanya ğŸ˜‚ğŸ˜‚ https://t.co/EpvaiL6waS,iya bener bem ui ada uinya gada gunanya ğŸ˜‚ğŸ˜‚ ,iya bener bem ui uinya gada gunanya ğŸ˜‚ğŸ˜‚,iya bener bem ui uinya gada guna,"['iya', 'bener', 'bem', 'ui', 'uinya', 'gada', 'guna']","yes it's really the ui, it's gone to use "
@BEMUI_Official keknya kurang tepat ka waktunya kalau mau giring opini masyarakat untk menjelekan presiden kita skrng. Akan lebih BERGUNA apabila klian giring masyarakat indo untuk nyampe ke herd Immunity, keknya kurang tepat ka waktunya kalau mau giring opini masyarakat untk menjelekan presiden kita skrng akan lebih berguna apabila klian giring masyarakat indo untuk nyampe ke herd immunity,keknya ka giring opini masyarakat untk menjelekan presiden skrng berguna klian giring masyarakat indo nyampe herd immunity,kek ka giring opini masyarakat untk jelek presiden skrng guna klian giring masyarakat indo nyampe herd immunity,"['kek', 'ka', 'giring', 'opini', 'masyarakat', 'untk', 'jelek', 'presiden', 'skrng', 'guna', 'klian', 'giring', 'masyarakat', 'indo', 'nyampe', 'herd', 'immunity']",Ka Ka Giring Opinion Community For Bad President Skrg Guna Klian Giring Community Indo Nyampe Herd Immunity 
"""Yg dibuat oleh temen2 BEM UI mrpk wujud penyampaian ekspresi yg sah dlm koridornya, krn semua isi release yg dibuat oleh BEM UI benar adanya. Banyak janji2 Bpk Presiden yg tdk terealisasi, ..., makanya dijuluki ""The King of Lip Service""
https://t.co/zfIlRPpACf",yg dibuat oleh  bem ui mrpk wujud penyampaian ekspresi yg sah dlm koridornya krn semua isi release yg dibuat oleh bem ui benar adanya banyak  bpk presiden yg tdk terealisasi  makanya dijuluki the king of lip service,yg bem ui mrpk wujud penyampaian ekspresi yg sah dlm koridornya krn isi release yg bem ui bpk presiden yg tdk terealisasi dijuluki the king of lip service,yg bem ui mrpk wujud sampai ekspresi yg sah dlm koridor krn isi release yg bem ui bpk presiden yg tdk realisasi juluk the king of lip service,"['yg', 'bem', 'ui', 'mrpk', 'wujud', 'sampai', 'ekspresi', 'yg', 'sah', 'dlm', 'koridor', 'krn', 'isi', 'release', 'yg', 'bem', 'ui', 'bpk', 'presiden', 'yg', 'tdk', 'realisasi', 'juluk', 'the', 'king', 'of', 'lip', 'service']",who bem ui mrpk manifest until the valid expression in the corridor because the contents of the release that bem ui bpk president who is not realized the king of lip service 
"Terus pantau sosial media kami untuk mendapatkan informasi terkini!ğŸ‡

LINE: @wid1653l
Instagram: ohfasilkom
Twitter: @OHFasilkom

Open House Fasilkom UI 2021
#DownTheRabbITHole

Biro Hubungan Masyarakat
BEM Fasilkom UI 2021
#SelaraskanMaknaGapaiCita",terus pantau sosial media kami untuk mendapatkan informasi terkiniğŸ‡line instagram ohfasilkomtwitter open house fasilkom ui downtherabbitholebiro hubungan masyarakatbem fasilkom ui selaraskanmaknagapaicita,pantau sosial media informasi terkiniğŸ‡line instagram ohfasilkomtwitter open house fasilkom ui downtherabbitholebiro hubungan masyarakatbem fasilkom ui selaraskanmaknagapaicita,pantau sosial media informasi kini line instagram ohfasilkomtwitter open house fasilkom ui downtherabbitholebiro hubung masyarakatbem fasilkom ui selaraskanmaknagapaicita,"['pantau', 'sosial', 'media', 'informasi', 'kini', 'line', 'instagram', 'ohfasilkomtwitter', 'open', 'house', 'fasilkom', 'ui', 'downtherabbitholebiro', 'hubung', 'masyarakatbem', 'fasilkom', 'ui', 'selaraskanmaknagapaicita']",Monitor Social Media Information Media Now Line Instagram Ohfasilkomtwitter Open House Fasilkom UI DowntherAbbitholebiro Punicipal Public Nakcankom UI Selolaffa Make 
"@ulfandriy @BEMUI_Official oooh, kirain itu kiasan, makasih yoo",  oooh kirain itu kiasan makasih yoo,oooh kirain kiasan makasih yoo,oooh kirain kias makasih yoo,"['oooh', 'kirain', 'kias', 'makasih', 'yoo']",oooh kirain kias thanks yoo 
@kurawa Yg ngebanggain ipk nya ketu bem ui pake nanya lagi brp ipk nya Presiden? Woiiii dia presiden brpun ipk nyaâ€¦lah yg nanya?? ğŸ‘ğŸ½, yg ngebanggain ipk nya ketu bem ui pake nanya lagi brp ipk nya presiden woiiii dia presiden brpun ipk nyalah yg nanya ğŸ‘ğŸ½,yg ngebanggain ipk nya ketu bem ui pake nanya brp ipk nya presiden woiiii presiden brpun ipk nyalah yg nanya ğŸ‘ğŸ½,yg ngebanggain ipk nya ketu bem ui pake nanya brp ipk nya presiden woiiii presiden brpun ipk nyalah yg nanya,"['yg', 'ngebanggain', 'ipk', 'nya', 'ketu', 'bem', 'ui', 'pake', 'nanya', 'brp', 'ipk', 'nya', 'presiden', 'woiiii', 'presiden', 'brpun', 'ipk', 'nyalah', 'yg', 'nanya']","the one who wants the GPA is used by the UI, I use the IPK, the President of the President Woiiii, the President of the GPM is the one who asks "
Ternyata BEM UI hanya merendahkan dirinya untuk digunakan sebagai alat proaganda anti pemerintah. https://t.co/k0Fcwv8kzl,ternyata bem ui hanya merendahkan dirinya untuk digunakan sebagai alat proaganda anti pemerintah ,bem ui merendahkan alat proaganda anti pemerintah,bem ui rendah alat proaganda anti perintah,"['bem', 'ui', 'rendah', 'alat', 'proaganda', 'anti', 'perintah']",BEM UI Low UI ProAdanda tools 
"@Stevaniehuangg Klarifikasi Ketua BEM UI 
https://t.co/3TVFWSR1AT https://t.co/E7waI5dxqj", klarifikasi ketua bem ui  ,klarifikasi ketua bem ui,klarifikasi ketua bem ui,"['klarifikasi', 'ketua', 'bem', 'ui']",Clarification of the Chairperson of BEM UI 
Nih baca @BEMUI_Official  ... https://t.co/VHSWrR8ELG,nih baca    ,nih baca,nih baca,"['nih', 'baca']",Here Read 
@Ndrews110611 @FaroukSyahbana @BocilBebal2 @Ernie_es @kdy1296bestboy @astheticPleasu1 @riensayangku @aewin86 @antifaintl @BEMUI_Official Lah bajer triak bajer,          lah bajer triak bajer,bajer triak bajer,bajer triak bajer,"['bajer', 'triak', 'bajer']",Bajer Triak Bajer 
"@agunbih @rizieqdivist @BEMUI_Official Hanya di UI Depok lho, jurusan susah masuk",   hanya di ui depok lho jurusan susah masuk,ui depok lho jurusan susah masuk,ui depok lho jurus susah masuk,"['ui', 'depok', 'lho', 'jurus', 'susah', 'masuk']",UI Depok Lho the move is difficult to enter 
@cumiplankton yoa keliatannya anak bem ui lagi butuh bantuan so im back bitjez buzzer, yoa keliatannya anak bem ui lagi butuh bantuan so im back bitjez buzzer,yoa keliatannya anak bem ui butuh bantuan so im back bitjez buzzer,yoa liat anak bem ui butuh bantu so im back bitjez buzzer,"['yoa', 'liat', 'anak', 'bem', 'ui', 'butuh', 'bantu', 'so', 'im', 'back', 'bitjez', 'buzzer']",Yoo Clay BEM UI Child Need Help So Im Back Bitjez Buzzer 
"@_AnakKolong @BEMUI_Official Kehidupan nyata nih gak butuh angka IP,namun kerja nyata yg berguna bagi masyarakat banyak
Emang tuh angka bisa dimakan?",  kehidupan nyata nih gak butuh angka ipnamun kerja nyata yg berguna bagi masyarakat banyakemang tuh angka bisa dimakan,kehidupan nyata nih gak butuh angka ipnamun kerja nyata yg berguna masyarakat banyakemang tuh angka dimakan,hidup nyata nih gak butuh angka ipnamun kerja nyata yg guna masyarakat banyakemang tuh angka makan,"['hidup', 'nyata', 'nih', 'gak', 'butuh', 'angka', 'ipnamun', 'kerja', 'nyata', 'yg', 'guna', 'masyarakat', 'banyakemang', 'tuh', 'angka', 'makan']",real life doesn't need ipnamun numbers of real work that people use a lot of eating numbers 
"___ ğŸ˜…ğŸ¤£ğŸ˜‚.....

Tonton ""Ade Armando Sebut BEM UI Tidak Tahu Politik, Jadi Kritiknya Dangkal"" di YouTube https://t.co/lDRRHz1RLh", ğŸ˜…ğŸ¤£ğŸ˜‚tonton ade armando sebut bem ui tidak tahu politik jadi kritiknya dangkal di youtube ,ğŸ˜…ğŸ¤£ğŸ˜‚tonton ade armando bem ui politik kritiknya dangkal youtube,tonton ade armando bem ui politik kritik dangkal youtube,"['tonton', 'ade', 'armando', 'bem', 'ui', 'politik', 'kritik', 'dangkal', 'youtube']",Watch Ade Armando Bem UI Political Critics Shallow YouTube 
"Yg memalukan memble duduk manis @univ_indonesia !

Segera beritahukan ke @BEMUI_Official bahwa tepatnya ""king of lips service"" itu adalah...
@aliansibem_si https://t.co/r5p0qwyo6E",yg memalukan memble duduk manis  segera beritahukan ke  bahwa tepatnya king of lips service itu adalah ,yg memalukan memble duduk manis beritahukan tepatnya king of lips service,yg malu memble duduk manis beritahukan tepat king of lips service,"['yg', 'malu', 'memble', 'duduk', 'manis', 'beritahukan', 'tepat', 'king', 'of', 'lips', 'service']",Shyly Memble Sitting Sweet Tell the Right King of Lips Service 
masih musim pk kuota?? pk indiehome lah. bkn konteks gw. gw hanya mengomentari BEM UI thats it. https://t.co/5cn4G6aUx5,masih musim pk kuota pk indiehome lah bkn konteks gw gw hanya mengomentari bem ui thats it ,musim pk kuota pk indiehome bkn konteks gw gw mengomentari bem ui thats it,musim pk kuota pk indiehome bkn konteks gw gw komentar bem ui thats it,"['musim', 'pk', 'kuota', 'pk', 'indiehome', 'bkn', 'konteks', 'gw', 'gw', 'komentar', 'bem', 'ui', 'thats', 'it']","pk season in the indiehome pk quota, how come I comment on BEM UI thats it "
@blankoncoklat @Leon_Alvinda Bgmna klau bpk nya ketua BEM UI jg â€œdikritikâ€ sbg king of lip serviceğŸ¤£ğŸ¤£ğŸ¤£ğŸ¤£,  bgmna klau bpk nya ketua bem ui jg dikritik sbg king of lip serviceğŸ¤£ğŸ¤£ğŸ¤£ğŸ¤£,bgmna klau bpk nya ketua bem ui jg dikritik sbg king of lip serviceğŸ¤£ğŸ¤£ğŸ¤£ğŸ¤£,bgmna klau bpk nya ketua bem ui jg kritik sbg king of lip service,"['bgmna', 'klau', 'bpk', 'nya', 'ketua', 'bem', 'ui', 'jg', 'kritik', 'sbg', 'king', 'of', 'lip', 'service']",bgmna klau bpk the chairman of the bem ui also criticized as king of lip service 
"@_AnakKolong @fin Coba tanya BEM UI
I nya sudah disamain belum",  coba tanya bem uii nya sudah disamain belum,coba bem uii nya disamain,coba bem uii nya disamain,"['coba', 'bem', 'uii', 'nya', 'disamain']",Try the UII BEM to be dismainted 
"Sujiwo Tejo Minta BEM UI Panggil Balik Rektor, Suruh Klarifikasi Jabatan Komisaris BUMN https://t.co/pAUXgjl8zL",sujiwo tejo minta bem ui panggil balik rektor suruh klarifikasi jabatan komisaris bumn ,sujiwo tejo bem ui panggil rektor suruh klarifikasi jabatan komisaris bumn,sujiwo tejo bem ui panggil rektor suruh klarifikasi jabat komisaris bumn,"['sujiwo', 'tejo', 'bem', 'ui', 'panggil', 'rektor', 'suruh', 'klarifikasi', 'jabat', 'komisaris', 'bumn']",Sujiwo Tejo Bem UI Call Chancellor to Have Clarification of the BUMN Commissioner Jabat 
@cubancryp @BEMUI_Official @Leon_Alvinda ngaku berdidikan ngak bisa bedain yg benar &amp; salah itu DUNGUğŸ˜ŠğŸ¤­,   ngaku berdidikan ngak bisa bedain yg benar amp salah itu dunguğŸ˜ŠğŸ¤­,ngaku berdidikan ngak bedain yg amp salah dunguğŸ˜ŠğŸ¤­,ngaku kan ngak bedain yg amp salah dungu,"['ngaku', 'kan', 'ngak', 'bedain', 'yg', 'amp', 'salah', 'dungu']",Acknowledgment is differently incorrectly a dung 
@ChaChaQer @BEMUI_Official Kan itu negara islam boss..  Ya kalau mau dirubah ke negara islam mah gw malah seneng...  Yg korupsi langsung potong tangan.   Standar ganda anda ini,  kan itu negara islam boss  ya kalau mau dirubah ke negara islam mah gw malah seneng  yg korupsi langsung potong tangan   standar ganda anda ini,negara islam boss ya dirubah negara islam mah gw seneng yg korupsi langsung potong tangan standar ganda,negara islam boss ya rubah negara islam mah gw neng yg korupsi langsung potong tangan standar ganda,"['negara', 'islam', 'boss', 'ya', 'rubah', 'negara', 'islam', 'mah', 'gw', 'neng', 'yg', 'korupsi', 'langsung', 'potong', 'tangan', 'standar', 'ganda']","Islamic State Boss Yes Fox Islamic State, Gw Neng Yang Corruption Directly Cut Double Standard "
"@BEMUI_Official @BukanMumuuun Permisi izin promosii kaka:) Kuyy OPEN JASA HAPUS AKUN termurah, mudah, aman terpercaya. Thnkyou https://t.co/H3KRbwF35l",  permisi izin promosii kaka kuyy open jasa hapus akun termurah mudah aman terpercaya thnkyou ,permisi izin promosii kaka kuyy open jasa hapus akun termurah mudah aman terpercaya thnkyou,permisi izin promosi kaka kuyy open jasa hapus akun murah mudah aman percaya thnkyou,"['permisi', 'izin', 'promosi', 'kaka', 'kuyy', 'open', 'jasa', 'hapus', 'akun', 'murah', 'mudah', 'aman', 'percaya', 'thnkyou']",excuse me permission to promotion kaka kuyy open service delete cheap account easily safely believe Thnkyou 
@BEMUI_Official Kalau kadrun masuk grup mana ya? Disebut buzzer juga? Tolong infonya?, kalau kadrun masuk grup mana ya disebut buzzer juga tolong infonya,kadrun masuk grup ya buzzer tolong infonya,kadrun masuk grup ya buzzer tolong info,"['kadrun', 'masuk', 'grup', 'ya', 'buzzer', 'tolong', 'info']",cadrun entered the group yes buzzer please info 
@errydewanatha @adearmando1 Hahaha saya ga malu tuh sebagai alumni UI. Dukung BEM UI,  hahaha saya ga malu tuh sebagai alumni ui dukung bem ui,hahaha ga malu tuh alumni ui dukung bem ui,hahaha ga malu tuh alumni ui dukung bem ui,"['hahaha', 'ga', 'malu', 'tuh', 'alumni', 'ui', 'dukung', 'bem', 'ui']",hahaha is not ashamed of the UI Alumni Supports BEM UI 
"@To_welly @_AnakKolong @BEMUI_Official Taimu kuning kan neng ?
SEMPAK mu kuning juga kan ?
BH mu juga kuning kan ?
Otakmu juga kuning kan ?
ğŸ˜‚",   taimu kuning kan neng sempak mu kuning juga kan bh mu juga kuning kan otakmu juga kuning kan ğŸ˜‚,taimu kuning neng sempak mu kuning bh mu kuning otakmu kuning ğŸ˜‚,taimu kuning neng sempak mu kuning bh mu kuning otak kuning,"['taimu', 'kuning', 'neng', 'sempak', 'mu', 'kuning', 'bh', 'mu', 'kuning', 'otak', 'kuning']",TIMU Yellow release Mu Yellow BH BH MUSA Yellow Brain Yellow 
"Kritikan Bem UI, Presiden Jokowi  @jokowi : Itu Bentuk Ekspresi di Negara Demokrasi https://t.co/M8yA66wbWD",kritikan bem ui presiden jokowi    itu bentuk ekspresi di negara demokrasi ,kritikan bem ui presiden jokowi bentuk ekspresi negara demokrasi,kritik bem ui presiden jokowi bentuk ekspresi negara demokrasi,"['kritik', 'bem', 'ui', 'presiden', 'jokowi', 'bentuk', 'ekspresi', 'negara', 'demokrasi']",Criticism of BEM UI President Jokowi Forms Expression of Democracy State 
jajaran civitas bem ui lagi siaga 1 banget nih kayaknya https://t.co/MTer1Gl91W,jajaran civitas bem ui lagi siaga  banget nih kayaknya ,jajaran civitas bem ui siaga banget nih kayaknya,jajar civitas bem ui siaga banget nih kayak,"['jajar', 'civitas', 'bem', 'ui', 'siaga', 'banget', 'nih', 'kayak']",Jajar BEM BEM BEM SIAGA BANGET Kayak 
@BEMUI_Official ğŸ”¥ğŸ’ªğŸ», ğŸ”¥ğŸ’ªğŸ»,ğŸ”¥ğŸ’ªğŸ»,,[],
"#DPR_DewanPRostitusi

Belum habis BEM UI, kini DPR (Dewan PRostitusi). Kritik pedas dan keras itu perlu biar pemerintah mendengar.

https://t.co/r9a1WvQfjB",dprdewanprostitusibelum habis bem ui kini dpr dewan prostitusi kritik pedas dan keras itu perlu biar pemerintah mendengar,dprdewanprostitusibelum habis bem ui dpr dewan prostitusi kritik pedas keras biar pemerintah mendengar,dprdewanprostitusibelum habis bem ui dpr dewan prostitusi kritik pedas keras biar perintah dengar,"['dprdewanprostitusibelum', 'habis', 'bem', 'ui', 'dpr', 'dewan', 'prostitusi', 'kritik', 'pedas', 'keras', 'biar', 'perintah', 'dengar']",DPRDWANProstitusibelum Out of BEM UI DPR Board Prostitution Criticism Spicy Hard Let Hearworthy Commands 
"@Leon_Alvinda Nitip sendal di mari, btw saya jg pernah ngampus di UI ketua BEM nya ga model gini", nitip sendal di mari btw saya jg pernah ngampus di ui ketua bem nya ga model gini,nitip sendal mari btw jg ngampus ui ketua bem nya ga model gini,nitip sendal mari btw jg ngampus ui ketua bem nya ga model gin,"['nitip', 'sendal', 'mari', 'btw', 'jg', 'ngampus', 'ui', 'ketua', 'bem', 'nya', 'ga', 'model', 'gin']",Nitip Sendal Mari BTW JG Ngampus UI BEM Chairperson Ga Gin Model 
@KAPITANBESAR @adearmando1 @MaulanaLevine Koq bisa bem ui tdk tau...,   koq bisa bem ui tdk tau,koq bem ui tdk tau,koq bem ui tdk tau,"['koq', 'bem', 'ui', 'tdk', 'tau']",koq well ui tdk tau 
@_AnakKolong @BEMUI_Official Ini photo tahun brp???  ğŸ˜…,  ini photo tahun brp  ğŸ˜…,photo brp ğŸ˜…,photo brp,"['photo', 'brp']",photo brp 
"Reformasi lumpuh!.
Demokrasi jadi democrazy!. 

the king of lip service GAGAL MENJALANKAN amanat Reformasi !!!. 

Rakyat sudah muntah !!!. 

Panjang Umur Perlawanan, dukung penuh @BEMUI_Official !!!. 

#MahasiswaAgenPerubahan
#MahasiswaAgenPerubahan https://t.co/zwZ1DfsCae",reformasi lumpuhdemokrasi jadi democrazy the king of lip service gagal menjalankan amanat reformasi  rakyat sudah muntah  panjang umur perlawanan dukung penuh   mahasiswaagenperubahanmahasiswaagenperubahan ,reformasi lumpuhdemokrasi democrazy the king of lip service gagal menjalankan amanat reformasi rakyat muntah umur perlawanan dukung penuh mahasiswaagenperubahanmahasiswaagenperubahan,reformasi lumpuhdemokrasi democrazy the king of lip service gagal jalan amanat reformasi rakyat muntah umur lawan dukung penuh mahasiswaagenperubahanmahasiswaagenperubahan,"['reformasi', 'lumpuhdemokrasi', 'democrazy', 'the', 'king', 'of', 'lip', 'service', 'gagal', 'jalan', 'amanat', 'reformasi', 'rakyat', 'muntah', 'umur', 'lawan', 'dukung', 'penuh', 'mahasiswaagenperubahanmahasiswaagenperubahan']",Democracy Democracy Reformation The King of Lip Service Failure Road Reform Reform PomPomes Ages Against Against Support Full of Student Changes 
"Sujiwo Tejo Minta Giliran BEM UI Panggil Rektor, Suruh Klarifikasi Jabatan Komisaris BUMN...
https://t.co/zRtirxTE0J https://t.co/xEutRujUD9",sujiwo tejo minta giliran bem ui panggil rektor suruh klarifikasi jabatan komisaris bumn ,sujiwo tejo giliran bem ui panggil rektor suruh klarifikasi jabatan komisaris bumn,sujiwo tejo gilir bem ui panggil rektor suruh klarifikasi jabat komisaris bumn,"['sujiwo', 'tejo', 'gilir', 'bem', 'ui', 'panggil', 'rektor', 'suruh', 'klarifikasi', 'jabat', 'komisaris', 'bumn']",Sujiwo Tejo Gerir BEM UI Call Chancellor to Have Clarification of the BUMN Commissioner Jatha 
@Pujianto73 Jadi gak heran kalo bem ui buat meme macam itu..., jadi gak heran kalo bem ui buat meme macam itu,gak heran kalo bem ui meme,gak heran kalo bem ui meme,"['gak', 'heran', 'kalo', 'bem', 'ui', 'meme']",no wonder if BEM UI memes 
"Kalau @univ_indonesia mendiamkan perilaku @BEMUI_Official yang
Tidak bisa membedakan kritik atau hinaan
Tidak mempelajari permasalahan yang dikoar-koarkan di medsos (asal bunyi)

Saya kira memang sudah serendah itu kualitas pendidikan disana

Shame on you UI",kalau  mendiamkan perilaku  yangtidak bisa membedakan kritik atau hinaantidak mempelajari permasalahan yang dikoarkoarkan di medsos asal bunyisaya kira memang sudah serendah itu kualitas pendidikan disanashame on you ui,mendiamkan perilaku yangtidak membedakan kritik hinaantidak mempelajari permasalahan dikoarkoarkan medsos bunyisaya serendah kualitas pendidikan disanashame on you ui,diam perilaku yangtidak beda kritik hinaantidak ajar masalah dikoarkoarkan medsos bunyisaya serendah kualitas didik disanashame on you ui,"['diam', 'perilaku', 'yangtidak', 'beda', 'kritik', 'hinaantidak', 'ajar', 'masalah', 'dikoarkoarkan', 'medsos', 'bunyisaya', 'serendah', 'kualitas', 'didik', 'disanashame', 'on', 'you', 'ui']",Silent behavior that has not different criticism has not taught the problem of being questioned by Medsos Bunyisaya as low as the quality of Disanashame on you UI 
"@Dennysiregar7 Wkwk... nengok kolam lagi bergolak, junjungannya dikritik BEM UI dan UGM... kok Anis yg dibully... wkwkw.?", wkwk nengok kolam lagi bergolak junjungannya dikritik bem ui dan ugm kok anis yg dibully wkwkw,wkwk nengok kolam bergolak junjungannya dikritik bem ui ugm anis yg dibully wkwkw,wkwk nengok kolam golak junjung kritik bem ui ugm anis yg dibully wkwkw,"['wkwk', 'nengok', 'kolam', 'golak', 'junjung', 'kritik', 'bem', 'ui', 'ugm', 'anis', 'yg', 'dibully', 'wkwkw']",Wkwk looked at the stretch of the creaking of the criticism of UI UGM Anis who was bullied wkwkw 
"@paperman23 @SeptiadiAndrie @kumparan @BEMUI_Official @jokowi @nadiemmakarim @mohmahfudmd maksudnya @jokowi, KPK yg jd fokus masih on duty khan.infografis (tweetmu)memasukkan insert  aspirasi beliau sbg RI1 kemudian diramaikan dg fakta lapangan.kenapa saya bilang opini? opini juga bersumber berbagai daftar pustaka tp berbeda penyampaiannya dg karya ilmiah. https://t.co/p3N5RuEfEo",       maksudnya  kpk yg jd fokus masih on duty khaninfografis tweetmumemasukkan insert  aspirasi beliau sbg  kemudian diramaikan dg fakta lapangankenapa saya bilang opini opini juga bersumber berbagai daftar pustaka tp berbeda penyampaiannya dg karya ilmiah ,maksudnya kpk yg jd fokus on duty khaninfografis tweetmumemasukkan insert aspirasi beliau sbg diramaikan dg fakta lapangankenapa bilang opini opini bersumber daftar pustaka tp berbeda penyampaiannya dg karya ilmiah,maksud kpk yg jd fokus on duty khaninfografis tweetmumemasukkan insert aspirasi beliau sbg ramai dg fakta lapangankenapa bilang opini opini sumber daftar pustaka tp beda sampai dg karya ilmiah,"['maksud', 'kpk', 'yg', 'jd', 'fokus', 'on', 'duty', 'khaninfografis', 'tweetmumemasukkan', 'insert', 'aspirasi', 'beliau', 'sbg', 'ramai', 'dg', 'fakta', 'lapangankenapa', 'bilang', 'opini', 'opini', 'sumber', 'daftar', 'pustaka', 'tp', 'beda', 'sampai', 'dg', 'karya', 'ilmiah']",The intent of the KPK which is focused on Duty Khaninfographic tweets to enter his aspiration insert as crowded with the facts to say the opinions of the Opinion Source of the Library List of Library TP Different to Dg of Scientific Works 
"@BEMUI_Official 
@univ_indonesia 
@Unair_Official 
@univ_indonesia 
@univ_indonesia 
@Andiarief__ 
@Andiarief__ https://t.co/BFg5X453ja",       ,,,[],
@BEMUI_Official Virus rezim pki ditanam di KPKğŸ‘ğŸ‘ğŸ‘, virus rezim pki ditanam di kpkğŸ‘ğŸ‘ğŸ‘,virus rezim pki ditanam kpkğŸ‘ğŸ‘ğŸ‘,virus rezim pki tanam kpk,"['virus', 'rezim', 'pki', 'tanam', 'kpk']",KPK PKI Rezim Virus 
"""Cinta dunia dan takut mati. 
Itulah Alwahn, melanda manusia berubah mjd dungu. 
Padahal awalnya cerdas bahkan dikagumi, tp Krn dunia sdh bercokol dihati susah utk dioperasi dan  dikeluarkan""
#BEMUI 
#MahasiswaAgenPerubahan 
#MukidiMundurAja 
#TheKingOfLipService",cinta dunia dan takut mati itulah alwahn melanda manusia berubah mjd dungu padahal awalnya cerdas bahkan dikagumi tp krn dunia sdh bercokol dihati susah utk dioperasi dan  dikeluarkanbemui mahasiswaagenperubahan mukidimunduraja thekingoflipservice,cinta dunia takut mati alwahn melanda manusia berubah mjd dungu cerdas dikagumi tp krn dunia sdh bercokol dihati susah utk dioperasi dikeluarkanbemui mahasiswaagenperubahan mukidimunduraja thekingoflipservice,cinta dunia takut mati alwahn landa manusia ubah mjd dungu cerdas kagum tp krn dunia sdh cokol hati susah utk operasi dikeluarkanbemui mahasiswaagenperubahan mukidimunduraja thekingoflipservice,"['cinta', 'dunia', 'takut', 'mati', 'alwahn', 'landa', 'manusia', 'ubah', 'mjd', 'dungu', 'cerdas', 'kagum', 'tp', 'krn', 'dunia', 'sdh', 'cokol', 'hati', 'susah', 'utk', 'operasi', 'dikeluarkanbemui', 'mahasiswaagenperubahan', 'mukidimunduraja', 'thekingoflipservice']",Love the World Afraid of Death Alwahn Landa Humans Change MJD Dumb intelligent amazed but because the world has been difficult for the world to surgery to be issued by students who change Mukidimunduraja Thekingoflipservice 
@Sybillaaaaaa @BEMUI_Official Wkwkk,  wkwkk,wkwkk,wkwkk,['wkwkk'],wkwkk 
@BEMUI_Official Ini hoax... apakah bisa presiden mengintervensi hukum?..tapi masalah KPK presiden disuruh intervensi... kalau mau konsisten dengan data demo MK nya, ini hoax apakah bisa presiden mengintervensi hukumtapi masalah kpk presiden disuruh intervensi kalau mau konsisten dengan data demo mk nya,hoax presiden mengintervensi hukumtapi kpk presiden disuruh intervensi konsisten data demo mk nya,hoax presiden intervensi hukumtapi kpk presiden suruh intervensi konsisten data demo mk nya,"['hoax', 'presiden', 'intervensi', 'hukumtapi', 'kpk', 'presiden', 'suruh', 'intervensi', 'konsisten', 'data', 'demo', 'mk', 'nya']","HOAX president of the legal intervention of the President, the President told the consistent intervention on the MK demo data "
"@EmillyLuwita46 Yaitu
Bem beneran apa bem-o
Hebat @univ_indonesia 

ketua bem nya 8 tahun di UI
Top dah.", yaitubem beneran apa bemohebat  ketua bem nya  tahun di uitop dah,yaitubem beneran bemohebat ketua bem nya uitop dah,yaitubem beneran bemohebat ketua bem nya uitop dah,"['yaitubem', 'beneran', 'bemohebat', 'ketua', 'bem', 'nya', 'uitop', 'dah']",Yaitubem Really Bemohat Chairman of his BEM Uitop Dah 
"media pada knp sih,... tentang postingan bem UI, biarin aja napa sih namanya juga mahasiswa, come on lah sajikan berita yg relate.",media pada knp sih tentang postingan bem ui biarin aja napa sih namanya juga mahasiswa come on lah sajikan berita yg relate,media knp sih postingan bem ui biarin aja napa sih namanya mahasiswa come on sajikan berita yg relate,media knp sih postingan bem ui biarin aja napa sih nama mahasiswa come on saji berita yg relate,"['media', 'knp', 'sih', 'postingan', 'bem', 'ui', 'biarin', 'aja', 'napa', 'sih', 'nama', 'mahasiswa', 'come', 'on', 'saji', 'berita', 'yg', 'relate']",Media Knp Sa Post Bem Ui Let's Just Napa Napa Student Name Come On Saji News Who Relate 
cc @BEMUI_Official @Leon_Alvinda ğŸ˜ https://t.co/Pull6VjykN,cc   ğŸ˜ ,cc ğŸ˜,cc,['cc'],cc 
"@tempodotco @RamliRizal AYO...
BEM UI GANTIAN PANGGIL SI REKTOR....
BUAT KLARIFIKASI RANGKAP JABATANNYA ITUH.....!!
RAKYAT DUKUNG PENUH...
.",  ayobem ui gantian panggil si rektorbuat klarifikasi rangkap jabatannya ituhrakyat dukung penuh,ayobem ui gantian panggil si rektorbuat klarifikasi rangkap jabatannya ituhrakyat dukung penuh,ayobem ui ganti panggil si rektorbuat klarifikasi rangkap jabat ituhrakyat dukung penuh,"['ayobem', 'ui', 'ganti', 'panggil', 'si', 'rektorbuat', 'klarifikasi', 'rangkap', 'jabat', 'ituhrakyat', 'dukung', 'penuh']","Come on, BEM UI Change Call the Rectorate Clarification Duplicate Position The Folk Supports Full "
@donalfariz @DroneEmpritLive @ismailfahmi @BEMUI_Official @Leon_Alvinda Tekor tak terduga buat menyerang maslah king of lips service ini. Bandar tekor,     tekor tak terduga buat menyerang maslah king of lips service ini bandar tekor,tekor terduga menyerang maslah king of lips service bandar tekor,tekor duga serang mas king of lips service bandar tekor,"['tekor', 'duga', 'serang', 'mas', 'king', 'of', 'lips', 'service', 'bandar', 'tekor']",Tail the Serang Mas King of Lips Service 
"Easy to meaning 
Hard to explain
Who?
You
And you
And youuuu
#BEMUI 
#bembangkitbersama",easy to meaning hard to explainwhoyouand youand youuuubemui bembangkitbersama,easy to meaning hard to explainwhoyouand youand youuuubemui bembangkitbersama,easy to meaning hard to explainwhoyouand youand youuuubemui bembangkitbersama,"['easy', 'to', 'meaning', 'hard', 'to', 'explainwhoyouand', 'youand', 'youuuubemui', 'bembangkitbersama']",easy to meaning hard to explainwhoyouand youand youuuubemui bembangkitbersama 
@cubancryp @BEMUI_Official @Leon_Alvinda ngak mau disebut buzzerRp &amp; ngak mau disebut kadrun padahal hanya ada 2 pilihan saat ini yg bicara kebenaran disebut kadrun &amp; melawan kebenaran disebut buzzerRp. 2 pilihan ngak dipilih tapi ikut komen makanya aq sebut sok netral yg ngak punya pilihan hidup alias DUNGUğŸ˜ğŸ™,   ngak mau disebut buzzerrp amp ngak mau disebut kadrun padahal hanya ada  pilihan saat ini yg bicara kebenaran disebut kadrun amp melawan kebenaran disebut buzzerrp  pilihan ngak dipilih tapi ikut komen makanya aq sebut sok netral yg ngak punya pilihan hidup alias dunguğŸ˜ğŸ™,ngak buzzerrp amp ngak kadrun pilihan yg bicara kebenaran kadrun amp melawan kebenaran buzzerrp pilihan ngak dipilih komen aq sok netral yg ngak pilihan hidup alias dunguğŸ˜ğŸ™,ngak buzzerrp amp ngak kadrun pilih yg bicara benar kadrun amp lawan benar buzzerrp pilih ngak pilih komen aq sok netral yg ngak pilih hidup alias dungu,"['ngak', 'buzzerrp', 'amp', 'ngak', 'kadrun', 'pilih', 'yg', 'bicara', 'benar', 'kadrun', 'amp', 'lawan', 'benar', 'buzzerrp', 'pilih', 'ngak', 'pilih', 'komen', 'aq', 'sok', 'netral', 'yg', 'ngak', 'pilih', 'hidup', 'alias', 'dungu']",ngak buzzerrp ngak kadrun select who is talking correctly cadrun amp amps true buzzerrp select ngak chose comment aq pretentious neutral who won't choose life aka stupid 
@amlrp_ @rini_anggrn join bem ui,  join bem ui,join bem ui,join bem ui,"['join', 'bem', 'ui']",join well ui 
"@sirajapadoha @cagubnyinyir2 @Leon_Alvinda @rektorUI @Salim_Semm @Frans_Priyo @jokowi @BEMUI_Official @DivHumas_Polri @mohmahfudmd âœï¸

ğŸ˜¬
https://t.co/x0ramnitOh",          âœï¸ğŸ˜¬,âœï¸ğŸ˜¬,,[],
"Soal Poster BEM UI, @jokowi : Kritik Boleh dan Universitas Jangan Halangi https://t.co/P7odPWJ0JI",soal poster bem ui   kritik boleh dan universitas jangan halangi ,poster bem ui kritik universitas halangi,poster bem ui kritik universitas halang,"['poster', 'bem', 'ui', 'kritik', 'universitas', 'halang']",Poster BEM UI criticizes the University of Halang 
@Ndrews110611 @BocilBebal2 @Ernie_es @kdy1296bestboy @astheticPleasu1 @riensayangku @aewin86 @RezzaqM @antifaintl @BEMUI_Official Masih bocah..maklum kebanyakan maen game di warnet.. kadang yg klo balik ke rumah suka nyasar gara2 matanya kebanyakan didepan layar,          masih bocahmaklum kebanyakan maen game di warnet kadang yg klo balik ke rumah suka nyasar  matanya kebanyakan didepan layar,bocahmaklum kebanyakan maen game warnet kadang yg klo rumah suka nyasar matanya kebanyakan didepan layar,bocahmaklum banyak maen game warnet kadang yg klo rumah suka nyasar mata banyak depan layar,"['bocahmaklum', 'banyak', 'maen', 'game', 'warnet', 'kadang', 'yg', 'klo', 'rumah', 'suka', 'nyasar', 'mata', 'banyak', 'depan', 'layar']",the boy understands a lot of playing internet cafe games sometimes if the house likes to stray the eyes of a lot of the screen 
@jokowi ini masalah tentang BEM UI itu kah?, ini masalah tentang bem ui itu kah,bem ui kah,bem ui kah,"['bem', 'ui', 'kah']",Well Ui Kah 
"Menurut dia, dalam negara demokrasi, kritik merupakan untuk mengkoreksi suatu kebijakan dan seharusnya menjadi masukan bagi seorang pemimpin.
#BEMUI #JokowiTheKingOfLipService 

https://t.co/0JOu7aRJeQ",menurut dia dalam negara demokrasi kritik merupakan untuk mengkoreksi suatu kebijakan dan seharusnya menjadi masukan bagi seorang pemimpinbemui jokowithekingoflipservice ,negara demokrasi kritik mengkoreksi kebijakan masukan pemimpinbemui jokowithekingoflipservice,negara demokrasi kritik koreksi bijak masuk pemimpinbemui jokowithekingoflipservice,"['negara', 'demokrasi', 'kritik', 'koreksi', 'bijak', 'masuk', 'pemimpinbemui', 'jokowithekingoflipservice']",Democracy Country Criticism Wise Correction Enter Leader From JokowithEkingoflipservice 
"Menurut dia, pemanggilan itu salah kaprah. Pasalnya, mengkritik merupakan tugas mahasiswa dan warga negara yang berintelek menjalankan kewajibannya.
#BEMUI #JokowiTheKingOfLipService 

https://t.co/40h2G2b5JU",menurut dia pemanggilan itu salah kaprah pasalnya mengkritik merupakan tugas mahasiswa dan warga negara yang berintelek menjalankan kewajibannyabemui jokowithekingoflipservice ,pemanggilan salah kaprah pasalnya mengkritik tugas mahasiswa warga negara berintelek menjalankan kewajibannyabemui jokowithekingoflipservice,panggil salah kaprah pasal kritik tugas mahasiswa warga negara intelek jalan kewajibannyabemui jokowithekingoflipservice,"['panggil', 'salah', 'kaprah', 'pasal', 'kritik', 'tugas', 'mahasiswa', 'warga', 'negara', 'intelek', 'jalan', 'kewajibannyabemui', 'jokowithekingoflipservice']",Call one of the article criticism of the duties of students of the intellectual intelligence of the obligation of the Jokowithekingoflipservice 
"Menurut Jokowi, kritik para mahasiswa tersebut merupakan bentuk ekspresi yang diperbolehkan di negara demokrasi seperti Indonesia.
#BEMUI #JokowiTheKingOfLipService 

https://t.co/14N4qtntAy",menurut jokowi kritik para mahasiswa tersebut merupakan bentuk ekspresi yang diperbolehkan di negara demokrasi seperti indonesiabemui jokowithekingoflipservice ,jokowi kritik mahasiswa bentuk ekspresi diperbolehkan negara demokrasi indonesiabemui jokowithekingoflipservice,jokowi kritik mahasiswa bentuk ekspresi boleh negara demokrasi indonesiabemui jokowithekingoflipservice,"['jokowi', 'kritik', 'mahasiswa', 'bentuk', 'ekspresi', 'boleh', 'negara', 'demokrasi', 'indonesiabemui', 'jokowithekingoflipservice']",Jokowi Student Criticism Forms Expression may be Indonesian Democracy State to Jokowithekingoflipservice 
"BEM UI sebelumnya mengunggah kritik kepada Jokowi di Twitter pada Sabtu (26/6) dengan menyebut eks Gubernur DKI Jakarta itu sebagai The King of Lip Service.
#BEMUI #JokowiTheKingOfLipService 

https://t.co/G6lUiFMr1e",bem ui sebelumnya mengunggah kritik kepada jokowi di twitter pada sabtu  dengan menyebut eks gubernur dki jakarta itu sebagai the king of lip servicebemui jokowithekingoflipservice ,bem ui mengunggah kritik jokowi twitter sabtu menyebut eks gubernur dki jakarta the king of lip servicebemui jokowithekingoflipservice,bem ui unggah kritik jokowi twitter sabtu sebut eks gubernur dki jakarta the king of lip servicebemui jokowithekingoflipservice,"['bem', 'ui', 'unggah', 'kritik', 'jokowi', 'twitter', 'sabtu', 'sebut', 'eks', 'gubernur', 'dki', 'jakarta', 'the', 'king', 'of', 'lip', 'servicebemui', 'jokowithekingoflipservice']",BEM UI Uploads the Criticism of Jokowi Twitter Saturday Calling Ex DKI Jakarta Governor The King of Lip ServiceBemui Jokowithekingoflipservice 
"Dari situ, kata eks Ketum MUI itu, tindakan BEM UI ialah hal biasa bagi kampus.
#BEMUI #JokowiTheKingOfLipService 

https://t.co/H8Fv7kLVKw",dari situ kata eks ketum mui itu tindakan bem ui ialah hal biasa bagi kampusbemui jokowithekingoflipservice ,situ eks ketum mui tindakan bem ui kampusbemui jokowithekingoflipservice,situ eks tum mui tindak bem ui kampusbemui jokowithekingoflipservice,"['situ', 'eks', 'tum', 'mui', 'tindak', 'bem', 'ui', 'kampusbemui', 'jokowithekingoflipservice']",Situ Ex Tum MUI Action Bem UI Kampusflow Jokowithekingoflipservice 
"Â°
ğŸ˜‚ğŸ˜‚ğŸ˜‚
ternyata bem ui otak subsidi https://t.co/k0uRFhB31r",Â°ğŸ˜‚ğŸ˜‚ğŸ˜‚ternyata bem ui otak subsidi ,Â°ğŸ˜‚ğŸ˜‚ğŸ˜‚ternyata bem ui otak subsidi,nyata bem ui otak subsidi,"['nyata', 'bem', 'ui', 'otak', 'subsidi']",Real BEM UI Subsidy Brain 
@ChusnulCh__ @Riyadi_kelvin @ganjarpranowo @BEMUI_Official Kereeenn ğŸ‘ğŸ‘ğŸ‘,    kereeenn ğŸ‘ğŸ‘ğŸ‘,kereeenn ğŸ‘ğŸ‘ğŸ‘,kereeenn,['kereeenn'],Karean 
@BEMUI_Official Firli bertaun lalu juara Idol sekarang jd begini kok?, firli bertaun lalu juara idol sekarang jd begini kok,firli bertaun juara idol jd,firli taun juara idol jd,"['firli', 'taun', 'juara', 'idol', 'jd']",FIRLI EARNE OF JD Idol Champion 
"Ketua BEM UI ciut juga nyalinya, nantang debat sama Ade Armando eee takut datang, dasar pengecut yg sok pinter",ketua bem ui ciut juga nyalinya nantang debat sama ade armando eee takut datang dasar pengecut yg sok pinter,ketua bem ui ciut nyalinya nantang debat ade armando eee takut dasar pengecut yg sok pinter,ketua bem ui ciut nyali nantang debat ade armando eee takut dasar kecut yg sok pinter,"['ketua', 'bem', 'ui', 'ciut', 'nyali', 'nantang', 'debat', 'ade', 'armando', 'eee', 'takut', 'dasar', 'kecut', 'yg', 'sok', 'pinter']",Chairman of the BEM UI CIIT Nantang Nantang Debate Ade Armando Eee Fear the Seck Who Is Smart 
@feIixkw @ovick2000 @BEMUI_Official HAHAHAHAHAHAHğŸ˜­,   hahahahahahahğŸ˜­,hahahahahahahğŸ˜­,hahahahahahah,['hahahahahahah'],hahahahahahah 
"Jangan asal kritik.  Bismillah, komisaris Acakadut. RT @BEMUI_Official: #SaveKPK 
#BeraniJujurPecat
#ReformasiHabisDikorupsi
#PekanMelawan",jangan asal kritik  bismillah komisaris acakadut rt  savekpk beranijujurpecatreformasihabisdikorupsipekanmelawan,kritik bismillah komisaris acakadut savekpk beranijujurpecatreformasihabisdikorupsipekanmelawan,kritik bismillah komisaris acakadut savekpk beranijujurpecatreformasihabisdikorupsipekanmelawan,"['kritik', 'bismillah', 'komisaris', 'acakadut', 'savekpk', 'beranijujurpecatreformasihabisdikorupsipekanmelawan']",Criticism Bismillah Commissioner ACAKADUT SAVEKPK BARJUJPECATREFFORMANDISHABIKORUPPULANWER 
"@_AnakKolong @BEMUI_Official ğŸ¤£ğŸ¤£ğŸ¤£

Kadang yg di tangan kotor boleh jadi bersih di hati. Begitu pula sebaliknya.",  ğŸ¤£ğŸ¤£ğŸ¤£kadang yg di tangan kotor boleh jadi bersih di hati begitu pula sebaliknya,ğŸ¤£ğŸ¤£ğŸ¤£kadang yg tangan kotor bersih hati,kadang yg tangan kotor bersih hati,"['kadang', 'yg', 'tangan', 'kotor', 'bersih', 'hati']",sometimes the hand dirty hands are clean 
cc @BEMUI_Official @Leon_Alvinda ğŸ˜ https://t.co/eJcBqvITGv,cc   ğŸ˜ ,cc ğŸ˜,cc,['cc'],cc 
"Daya kritis @BEMUI_Official dan @YLBHI kok tidak kelihatan di depan #AniesBaswedan ?
Sudah terbeli kah daya kritisnya ?
#DKIJakarta",daya kritis  dan  kok tidak kelihatan di depan aniesbaswedan sudah terbeli kah daya kritisnya dkijakarta,daya kritis aniesbaswedan terbeli kah daya kritisnya dkijakarta,daya kritis aniesbaswedan beli kah daya kritis dkijakarta,"['daya', 'kritis', 'aniesbaswedan', 'beli', 'kah', 'daya', 'kritis', 'dkijakarta']",Critical Power Anies Baswedan Buy Kah Critical DKI Jakarta 
@Rizmaya__ Ini modal BEM ui 2021 untuk jadi kader pks., ini modal bem ui  untuk jadi kader pks,modal bem ui kader pks,modal bem ui kader pks,"['modal', 'bem', 'ui', 'kader', 'pks']",modal well ui kader pks 
@UmarChelsea75 @jokowi @BEMUI_Official Ngomong bukan dari hati dan otaknya . Teksnya mana ?,   ngomong bukan dari hati dan otaknya  teksnya mana ,ngomong hati otaknya teksnya,ngomong hati otak teks,"['ngomong', 'hati', 'otak', 'teks']",talking to the text of the text 
"@3Cahyono_ @icakdidinding @BEMUI_Official @andikamalreza Karena Pak Presiden minta dikritik ya dikritik saja wong "" saya kangen dikritik , kangen di demo "" sebenarnya apa yang dilakukan BEU UI itu membantu presiden lohh.. karna membantu menetapi ucapanya. Kita harus berterima kasih sama kawan kawan BEM UI ini.",    karena pak presiden minta dikritik ya dikritik saja wong  saya kangen dikritik  kangen di demo  sebenarnya apa yang dilakukan beu ui itu membantu presiden lohh karna membantu menetapi ucapanya kita harus berterima kasih sama kawan kawan bem ui ini,presiden dikritik ya dikritik kangen dikritik kangen demo beu ui membantu presiden lohh karna membantu menetapi ucapanya berterima kasih kawan kawan bem ui,presiden kritik ya kritik kangen kritik kangen demo beu ui bantu presiden lohh karna bantu tetapi ucapanya terima kasih kawan kawan bem ui,"['presiden', 'kritik', 'ya', 'kritik', 'kangen', 'kritik', 'kangen', 'demo', 'beu', 'ui', 'bantu', 'presiden', 'lohh', 'karna', 'bantu', 'tetapi', 'ucapanya', 'terima', 'kasih', 'kawan', 'kawan', 'bem', 'ui']",President of Critique Ya Critique Kangen Critique Kangen Demo Beu UI Help President Lohh Karna Help but I thank you friends BEM UI 
